商品名,ブランド,カテゴリ,カテゴリ_メイン,カテゴリ_サブ,カテゴリ_詳細,型番モデル,サイズ,色,素材,状態,販売価格,買収価格,そのほかコメント,url,検索カテゴリ,画像数,画像URL一覧
スーツ/50/ポリエステル/GRY/ストライプ/セットアップ/2ボタン,DSQUARED2,メンズウェア > その他 > スーツ,メンズウェア,その他,スーツ,,50,,,中古B,,,パンツ左ポケット入口に汚れがございます。,https://www.2ndstreet.jp/goods/detail/goodsId/2327073050045/shopsId/30871,メンズウェア,6,https://cdn2.2ndstreet.jp/img/pc/goods/232707/30/50045/1.jpg | https://cdn2.2ndstreet.jp/img/pc/goods/232707/30/50045/2.jpg | https://cdn2.2ndstreet.jp/img/pc/goods/232707/30/50045/3.jpg | https://cdn2.2ndstreet.jp/img/pc/goods/232707/30/50045/4.jpg | https://cdn2.2ndstreet.jp/img/pc/goods/232707/30/50045/5.jpg | https://cdn2.2ndstreet.jp/img/pc/goods/232707/30/50045/6.jpg
長袖シャツ/50/--/GRY/ストライプ/RU21S6290-CCP1,Rick Owens,メンズウェア > シャツ > 長袖シャツ,メンズウェア,シャツ,長袖シャツ,,50,,,中古B,,,こちらの商品は中古品の為多少の使用感がございますが、特に目立つようなキズやヨゴレは見受けられません。,https://www.2ndstreet.jp/goods/detail/goodsId/2344421203250/shopsId/31620,メンズウェア,5,https://cdn2.2ndstreet.jp/img/pc/goods/234442/12/03250/1.jpg | https://cdn2.2ndstreet.jp/img/pc/goods/234442/12/03250/2.jpg | https://cdn2.2ndstreet.jp/img/pc/goods/234442/12/03250/3.jpg | https://cdn2.2ndstreet.jp/img/pc/goods/234442/12/03250/4.jpg | https://cdn2.2ndstreet.jp/img/pc/goods/234442/12/03250/5.jpg
パーカー/50/コットン/PUP/プリント/CDM-19W-0401A,CHRISTIAN DADA,メンズウェア > トップス > パーカー,メンズウェア,トップス,パーカー,,50,,,中古C,,,,https://www.2ndstreet.jp/goods/detail/goodsId/2348690423975/shopsId/31999,メンズウェア,5,https://cdn2.2ndstreet.jp/img/pc/goods/234869/04/23975/1.jpg | https://cdn2.2ndstreet.jp/img/pc/goods/234869/04/23975/2.jpg | https://cdn2.2ndstreet.jp/img/pc/goods/234869/04/23975/3.jpg | https://cdn2.2ndstreet.jp/img/pc/goods/234869/04/23975/4.jpg | https://cdn2.2ndstreet.jp/img/pc/goods/234869/04/23975/5.jpg
テーラードジャケット/50/コットン/BEG/無地/G19506,HERMES,メンズウェア > ジャケット > テーラードジャケット,メンズウェア,ジャケット,テーラードジャケット,,50,,,中古B,,,多少の使用感がございますが、着用に差し支えるダメージ等はございません。店頭でも同時販売しているため、状態が変化する可能性がございます。何かご不明点がございましたら、お気軽にお問い合わせください。,https://www.2ndstreet.jp/goods/detail/goodsId/2324321699582/shopsId/30814,メンズウェア,6,https://cdn2.2ndstreet.jp/img/pc/goods/232432/16/99582/1.jpg | https://cdn2.2ndstreet.jp/img/pc/goods/232432/16/99582/2.jpg | https://cdn2.2ndstreet.jp/img/pc/goods/232432/16/99582/3.jpg | https://cdn2.2ndstreet.jp/img/pc/goods/232432/16/99582/4.jpg | https://cdn2.2ndstreet.jp/img/pc/goods/232432/16/99582/5.jpg | https://cdn2.2ndstreet.jp/img/pc/goods/232432/16/99582/6.jpg
DOUBLE COATED COTTON TRENCH/トレンチコート/50/コットン/BEG/739834 V2TRO//,BOTTEGA VENETA,メンズウェア > コート > トレンチコート,メンズウェア,コート,トレンチコート,,50,,,中古B,,,,https://www.2ndstreet.jp/goods/detail/goodsId/2332832128699/shopsId/30971,メンズウェア,5,https://cdn2.2ndstreet.jp/img/pc/goods/233283/21/28699/1.jpg | https://cdn2.2ndstreet.jp/img/pc/goods/233283/21/28699/2.jpg | https://cdn2.2ndstreet.jp/img/pc/goods/233283/21/28699/3.jpg | https://cdn2.2ndstreet.jp/img/pc/goods/233283/21/28699/4.jpg | https://cdn2.2ndstreet.jp/img/pc/goods/233283/21/28699/5.jpg
テーラードジャケット/50/ウール/BLK/無地/MM235101MD21370242,JIL SANDER,メンズウェア > ジャケット > テーラードジャケット,メンズウェア,ジャケット,テーラードジャケット,,50,,,中古C,,,右内ポケット穴、襟元使用感がございます。,https://www.2ndstreet.jp/goods/detail/goodsId/2348620397871/shopsId/31994,メンズウェア,6,https://cdn2.2ndstreet.jp/img/pc/goods/234862/03/97871/1.jpg | https://cdn2.2ndstreet.jp/img/pc/goods/234862/03/97871/2.jpg | https://cdn2.2ndstreet.jp/img/pc/goods/234862/03/97871/3.jpg | https://cdn2.2ndstreet.jp/img/pc/goods/234862/03/97871/4.jpg | https://cdn2.2ndstreet.jp/img/pc/goods/234862/03/97871/5.jpg | https://cdn2.2ndstreet.jp/img/pc/goods/234862/03/97871/6.jpg
長袖シャツ/50/コットン/BLK/総柄/VW-WR-87648,Vivienne Westwood MAN,メンズウェア > シャツ > 長袖シャツ,メンズウェア,シャツ,長袖シャツ,,50,,,中古B,,,,https://www.2ndstreet.jp/goods/detail/goodsId/2344421209368/shopsId/31620,メンズウェア,5,https://cdn2.2ndstreet.jp/img/pc/goods/234442/12/09368/1.jpg | https://cdn2.2ndstreet.jp/img/pc/goods/234442/12/09368/2.jpg | https://cdn2.2ndstreet.jp/img/pc/goods/234442/12/09368/3.jpg | https://cdn2.2ndstreet.jp/img/pc/goods/234442/12/09368/4.jpg | https://cdn2.2ndstreet.jp/img/pc/goods/234442/12/09368/5.jpg
Gee Gellan/テーラードジャケット/50/ポリエステル/KHK/無地,その他ブランド,メンズウェア > ジャケット > テーラードジャケット,メンズウェア,ジャケット,テーラードジャケット,,50,,,中古B,,,,https://www.2ndstreet.jp/goods/detail/goodsId/2348420032705/shopsId/30877,メンズウェア,5,https://cdn2.2ndstreet.jp/img/pc/goods/234842/00/32705/1.jpg | https://cdn2.2ndstreet.jp/img/pc/goods/234842/00/32705/2.jpg | https://cdn2.2ndstreet.jp/img/pc/goods/234842/00/32705/3.jpg | https://cdn2.2ndstreet.jp/img/pc/goods/234842/00/32705/4.jpg | https://cdn2.2ndstreet.jp/img/pc/goods/234842/00/32705/5.jpg
リネンコットン/テーラードジャケット/50/コットン/マルチカラー/EA530AE,LARDINI,メンズウェア > ジャケット > テーラードジャケット,メンズウェア,ジャケット,テーラードジャケット,,50,,,中古B,,,シミヨゴレあり。多少の使用感がございますが、まだまだお使いいただけます。,https://www.2ndstreet.jp/goods/detail/goodsId/2339875306381/shopsId/31316,メンズウェア,6,https://cdn2.2ndstreet.jp/img/pc/goods/233987/53/06381/1.jpg | https://cdn2.2ndstreet.jp/img/pc/goods/233987/53/06381/2.jpg | https://cdn2.2ndstreet.jp/img/pc/goods/233987/53/06381/3.jpg | https://cdn2.2ndstreet.jp/img/pc/goods/233987/53/06381/4.jpg | https://cdn2.2ndstreet.jp/img/pc/goods/233987/53/06381/5.jpg | https://cdn2.2ndstreet.jp/img/pc/goods/233987/53/06381/6.jpg
トップス/50/レーヨン/ボーダー,Jean Paul GAULTIER CLASSIQUE,メンズウェア > トップス > その他,メンズウェア,トップス,その他,,50,,,中古B,,,,https://www.2ndstreet.jp/goods/detail/goodsId/2348080875438/shopsId/31950,メンズウェア,6,https://cdn2.2ndstreet.jp/img/pc/goods/234808/08/75438/1.jpg | https://cdn2.2ndstreet.jp/img/pc/goods/234808/08/75438/2.jpg | https://cdn2.2ndstreet.jp/img/pc/goods/234808/08/75438/3.jpg | https://cdn2.2ndstreet.jp/img/pc/goods/234808/08/75438/4.jpg | https://cdn2.2ndstreet.jp/img/pc/goods/234808/08/75438/5.jpg | https://cdn2.2ndstreet.jp/img/pc/goods/234808/08/75438/6.jpg
長袖シャツ/50/コットン/WHT,GAULTIER HOMME objet,メンズウェア > シャツ > 長袖シャツ,メンズウェア,シャツ,長袖シャツ,,50,,,中古B,,,,https://www.2ndstreet.jp/goods/detail/goodsId/2348080875476/shopsId/31950,メンズウェア,6,https://cdn2.2ndstreet.jp/img/pc/goods/234808/08/75476/1.jpg | https://cdn2.2ndstreet.jp/img/pc/goods/234808/08/75476/2.jpg | https://cdn2.2ndstreet.jp/img/pc/goods/234808/08/75476/3.jpg | https://cdn2.2ndstreet.jp/img/pc/goods/234808/08/75476/4.jpg | https://cdn2.2ndstreet.jp/img/pc/goods/234808/08/75476/5.jpg | https://cdn2.2ndstreet.jp/img/pc/goods/234808/08/75476/6.jpg
ステンカラーコート/50/--/KHK,C.P.COMPANY,メンズウェア > コート > ハーフコート,メンズウェア,コート,ハーフコート,,50,,,中古B,,,,https://www.2ndstreet.jp/goods/detail/goodsId/2329473900616/shopsId/30928,メンズウェア,5,https://cdn2.2ndstreet.jp/img/pc/goods/232947/39/00616/1.jpg | https://cdn2.2ndstreet.jp/img/pc/goods/232947/39/00616/2.jpg | https://cdn2.2ndstreet.jp/img/pc/goods/232947/39/00616/3.jpg | https://cdn2.2ndstreet.jp/img/pc/goods/232947/39/00616/4.jpg | https://cdn2.2ndstreet.jp/img/pc/goods/232947/39/00616/5.jpg
3B/テーラードジャケット/50/ウール/GRY/無地/117-10-0076,SHIPS / Ermenegildo Zegna,メンズウェア > ジャケット > テーラードジャケット,メンズウェア,ジャケット,テーラードジャケット,,50,,,中古B,11990,,全体的に着用感は御座いますが、特に目立った汚れ等は御座いません。,https://www.2ndstreet.jp/goods/detail/goodsId/2335342058593/shopsId/31109,メンズウェア,6,https://cdn2.2ndstreet.jp/img/pc/goods/233534/20/58593/1.jpg | https://cdn2.2ndstreet.jp/img/pc/goods/233534/20/58593/2.jpg | https://cdn2.2ndstreet.jp/img/pc/goods/233534/20/58593/3.jpg | https://cdn2.2ndstreet.jp/img/pc/goods/233534/20/58593/4.jpg | https://cdn2.2ndstreet.jp/img/pc/goods/233534/20/58593/5.jpg | https://cdn2.2ndstreet.jp/img/pc/goods/233534/20/58593/6.jpg
テーラードジャケット/50/ウール/マルチカラー/HW051F82F,HUNTING WORLD,メンズウェア > ジャケット > テーラードジャケット,メンズウェア,ジャケット,テーラードジャケット,,50,,,中古B,,,,https://www.2ndstreet.jp/goods/detail/goodsId/2341100870987/shopsId/30692,メンズウェア,6,https://cdn2.2ndstreet.jp/img/pc/goods/234110/08/70987/1.jpg | https://cdn2.2ndstreet.jp/img/pc/goods/234110/08/70987/2.jpg | https://cdn2.2ndstreet.jp/img/pc/goods/234110/08/70987/3.jpg | https://cdn2.2ndstreet.jp/img/pc/goods/234110/08/70987/4.jpg | https://cdn2.2ndstreet.jp/img/pc/goods/234110/08/70987/5.jpg | https://cdn2.2ndstreet.jp/img/pc/goods/234110/08/70987/6.jpg
レザージャケット・ブルゾン/50/レザー/CML/無地/パンチングレザーブルゾン//,GIORGIO BRATO,メンズウェア > ジャケット > レザージャケット,メンズウェア,ジャケット,レザージャケット,,50,,,中古B,,,,https://www.2ndstreet.jp/goods/detail/goodsId/2333915591898/shopsId/31020,メンズウェア,5,https://cdn2.2ndstreet.jp/img/pc/goods/233391/55/91898/1.jpg | https://cdn2.2ndstreet.jp/img/pc/goods/233391/55/91898/2.jpg | https://cdn2.2ndstreet.jp/img/pc/goods/233391/55/91898/3.jpg | https://cdn2.2ndstreet.jp/img/pc/goods/233391/55/91898/4.jpg | https://cdn2.2ndstreet.jp/img/pc/goods/233391/55/91898/5.jpg
パーカー/50/ウール/GRN/0330-235-86804,SANTAFE,メンズウェア > トップス > パーカー,メンズウェア,トップス,パーカー,,50,,,中古B,,,23AW,https://www.2ndstreet.jp/goods/detail/goodsId/2320067320971/shopsId/30617,メンズウェア,5,https://cdn2.2ndstreet.jp/img/pc/goods/232006/73/20971/1.jpg | https://cdn2.2ndstreet.jp/img/pc/goods/232006/73/20971/2.jpg | https://cdn2.2ndstreet.jp/img/pc/goods/232006/73/20971/3.jpg | https://cdn2.2ndstreet.jp/img/pc/goods/232006/73/20971/4.jpg | https://cdn2.2ndstreet.jp/img/pc/goods/232006/73/20971/5.jpg
セットアップ/50/ウール/GRY/グレンCK/24-17-0153-015/BR024S05B,BRILLA per il gusto,メンズウェア > その他 > セットアップ,メンズウェア,その他,セットアップ,,50,,,中古B,,,【型番】24-17-0153-015/BR024S05B,https://www.2ndstreet.jp/goods/detail/goodsId/2320163653409/shopsId/31804,メンズウェア,5,https://cdn2.2ndstreet.jp/img/pc/goods/232016/36/53409/1.jpg | https://cdn2.2ndstreet.jp/img/pc/goods/232016/36/53409/2.jpg | https://cdn2.2ndstreet.jp/img/pc/goods/232016/36/53409/3.jpg | https://cdn2.2ndstreet.jp/img/pc/goods/232016/36/53409/4.jpg | https://cdn2.2ndstreet.jp/img/pc/goods/232016/36/53409/5.jpg
セットアップ/50/ウール/GRY/無地/94013156700//,Loro Piana,メンズウェア > その他 > セットアップ,メンズウェア,その他,セットアップ,,50,,,中古C,,,,https://www.2ndstreet.jp/goods/detail/goodsId/2338894946844/shopsId/31366,メンズウェア,5,https://cdn2.2ndstreet.jp/img/pc/goods/233889/49/46844/1.jpg | https://cdn2.2ndstreet.jp/img/pc/goods/233889/49/46844/2.jpg | https://cdn2.2ndstreet.jp/img/pc/goods/233889/49/46844/3.jpg | https://cdn2.2ndstreet.jp/img/pc/goods/233889/49/46844/4.jpg | https://cdn2.2ndstreet.jp/img/pc/goods/233889/49/46844/5.jpg
VIA NUOVA PELLE/レザージャケット・ブルゾン/50/レザー/BLK,その他ブランド,メンズウェア > ジャケット > レザージャケット,メンズウェア,ジャケット,レザージャケット,,50,,,中古B,,,,https://www.2ndstreet.jp/goods/detail/goodsId/2329816330995/shopsId/30935,メンズウェア,6,https://cdn2.2ndstreet.jp/img/pc/goods/232981/63/30995/1.jpg | https://cdn2.2ndstreet.jp/img/pc/goods/232981/63/30995/2.jpg | https://cdn2.2ndstreet.jp/img/pc/goods/232981/63/30995/3.jpg | https://cdn2.2ndstreet.jp/img/pc/goods/232981/63/30995/4.jpg | https://cdn2.2ndstreet.jp/img/pc/goods/232981/63/30995/5.jpg | https://cdn2.2ndstreet.jp/img/pc/goods/232981/63/30995/6.jpg
パーカー/50/コットン/BLK/78000821,FORSOMEONE,メンズウェア > トップス > パーカー,メンズウェア,トップス,パーカー,,50,,,中古B,,,,https://www.2ndstreet.jp/goods/detail/goodsId/2334264817264/shopsId/31040,メンズウェア,5,https://cdn2.2ndstreet.jp/img/pc/goods/233426/48/17264/1.jpg | https://cdn2.2ndstreet.jp/img/pc/goods/233426/48/17264/2.jpg | https://cdn2.2ndstreet.jp/img/pc/goods/233426/48/17264/3.jpg | https://cdn2.2ndstreet.jp/img/pc/goods/233426/48/17264/4.jpg | https://cdn2.2ndstreet.jp/img/pc/goods/233426/48/17264/5.jpg
アンコン/テーラードジャケット/50/ウール/ネイビー/エルビーエムイチキューイチイチ//,L.B.M.1911,メンズウェア > ジャケット > テーラードジャケット,メンズウェア,ジャケット,テーラードジャケット,,50,,,中古B,,,【商品名】アンコン/テーラードジャケット,https://www.2ndstreet.jp/goods/detail/goodsId/2339875236398/shopsId/31404,メンズウェア,6,https://cdn2.2ndstreet.jp/img/pc/goods/233987/52/36398/1.jpg | https://cdn2.2ndstreet.jp/img/pc/goods/233987/52/36398/2.jpg | https://cdn2.2ndstreet.jp/img/pc/goods/233987/52/36398/3.jpg | https://cdn2.2ndstreet.jp/img/pc/goods/233987/52/36398/4.jpg | https://cdn2.2ndstreet.jp/img/pc/goods/233987/52/36398/5.jpg | https://cdn2.2ndstreet.jp/img/pc/goods/233987/52/36398/6.jpg
ミリタリージャケット/50/--/KHK/無地,SWEDISH MILITARY,メンズウェア > アウター > ミリタリージャケット,メンズウェア,アウター,ミリタリージャケット,,50,,,中古B,,,M-59,https://www.2ndstreet.jp/goods/detail/goodsId/2343513239412/shopsId/31539,メンズウェア,4,https://cdn2.2ndstreet.jp/img/pc/goods/234351/32/39412/1.jpg | https://cdn2.2ndstreet.jp/img/pc/goods/234351/32/39412/2.jpg | https://cdn2.2ndstreet.jp/img/pc/goods/234351/32/39412/3.jpg | https://cdn2.2ndstreet.jp/img/pc/goods/234351/32/39412/4.jpg
長袖シャツ/50/コットン/BRD/無地,DRIES VAN NOTEN,メンズウェア > シャツ > 長袖シャツ,メンズウェア,シャツ,長袖シャツ,,50,,,中古B,,,当店の商品を御閲覧いただき誠にありがとうございます。,https://www.2ndstreet.jp/goods/detail/goodsId/2347980363922/shopsId/31939,メンズウェア,6,https://cdn2.2ndstreet.jp/img/pc/goods/234798/03/63922/1.jpg | https://cdn2.2ndstreet.jp/img/pc/goods/234798/03/63922/2.jpg | https://cdn2.2ndstreet.jp/img/pc/goods/234798/03/63922/3.jpg | https://cdn2.2ndstreet.jp/img/pc/goods/234798/03/63922/4.jpg | https://cdn2.2ndstreet.jp/img/pc/goods/234798/03/63922/5.jpg | https://cdn2.2ndstreet.jp/img/pc/goods/234798/03/63922/6.jpg
テーラードジャケット/50/ウール/ブラック/JJ801AQ,LARDINI,メンズウェア > ジャケット > テーラードジャケット,メンズウェア,ジャケット,テーラードジャケット,,50,,,中古B,,,【型番】JJ801AQ,https://www.2ndstreet.jp/goods/detail/goodsId/2348500081104/shopsId/31982,メンズウェア,6,https://cdn2.2ndstreet.jp/img/pc/goods/234850/00/81104/1.jpg | https://cdn2.2ndstreet.jp/img/pc/goods/234850/00/81104/2.jpg | https://cdn2.2ndstreet.jp/img/pc/goods/234850/00/81104/3.jpg | https://cdn2.2ndstreet.jp/img/pc/goods/234850/00/81104/4.jpg | https://cdn2.2ndstreet.jp/img/pc/goods/234850/00/81104/5.jpg | https://cdn2.2ndstreet.jp/img/pc/goods/234850/00/81104/6.jpg
Gジャン/50/コットン/IDG/71506 0314,Levi’s,メンズウェア > ジャケット > Ｇジャン,メンズウェア,ジャケット,Ｇジャン,,50,,,中古C,,,USA製/ボタン裏527/ブランケット/シミ有,https://www.2ndstreet.jp/goods/detail/goodsId/2329043007837/shopsId/30909,メンズウェア,5,https://cdn2.2ndstreet.jp/img/pc/goods/232904/30/07837/1.jpg | https://cdn2.2ndstreet.jp/img/pc/goods/232904/30/07837/2.jpg | https://cdn2.2ndstreet.jp/img/pc/goods/232904/30/07837/3.jpg | https://cdn2.2ndstreet.jp/img/pc/goods/232904/30/07837/4.jpg | https://cdn2.2ndstreet.jp/img/pc/goods/232904/30/07837/5.jpg
パーカー/50/コットン/PUP/プリント/LA-2B-81064,LANVIN,メンズウェア > トップス > パーカー,メンズウェア,トップス,パーカー,,50,,,中古B,,,,https://www.2ndstreet.jp/goods/detail/goodsId/2329473992222/shopsId/30928,メンズウェア,5,https://cdn2.2ndstreet.jp/img/pc/goods/232947/39/92222/1.jpg | https://cdn2.2ndstreet.jp/img/pc/goods/232947/39/92222/2.jpg | https://cdn2.2ndstreet.jp/img/pc/goods/232947/39/92222/3.jpg | https://cdn2.2ndstreet.jp/img/pc/goods/232947/39/92222/4.jpg | https://cdn2.2ndstreet.jp/img/pc/goods/232947/39/92222/5.jpg
トップス/50/コットン/NVY/無地/MC0007U-72003-9200,HERNO,メンズウェア > トップス > その他,メンズウェア,トップス,その他,,50,,,中古B,,,多少の汚れや使用感が見られます。,https://www.2ndstreet.jp/goods/detail/goodsId/2344352517358/shopsId/31623,メンズウェア,6,https://cdn2.2ndstreet.jp/img/pc/goods/234435/25/17358/1.jpg | https://cdn2.2ndstreet.jp/img/pc/goods/234435/25/17358/2.jpg | https://cdn2.2ndstreet.jp/img/pc/goods/234435/25/17358/3.jpg | https://cdn2.2ndstreet.jp/img/pc/goods/234435/25/17358/4.jpg | https://cdn2.2ndstreet.jp/img/pc/goods/234435/25/17358/5.jpg | https://cdn2.2ndstreet.jp/img/pc/goods/234435/25/17358/6.jpg
I/ラムレザージャケット・ブルゾン/50/羊革/CML,GAULTIER HOMME objet,メンズウェア > ジャケット > レザージャケット,メンズウェア,ジャケット,レザージャケット,,50,,,中古B,21890,,【商品名】GAULTIER HOMME objet ラムレザージャケット ブルゾン,https://www.2ndstreet.jp/goods/detail/goodsId/2346610047942/shopsId/31804,メンズウェア,6,https://cdn2.2ndstreet.jp/img/pc/goods/234661/00/47942/1.jpg | https://cdn2.2ndstreet.jp/img/pc/goods/234661/00/47942/2.jpg | https://cdn2.2ndstreet.jp/img/pc/goods/234661/00/47942/3.jpg | https://cdn2.2ndstreet.jp/img/pc/goods/234661/00/47942/4.jpg | https://cdn2.2ndstreet.jp/img/pc/goods/234661/00/47942/5.jpg | https://cdn2.2ndstreet.jp/img/pc/goods/234661/00/47942/6.jpg
50s～60s/Eichsfeld Konfektion/パジャマシャツ/50/コットン/BLU//,その他ブランド,メンズウェア > シャツ > 長袖シャツ,メンズウェア,シャツ,長袖シャツ,,50,,,中古B,,,汚れ有,https://www.2ndstreet.jp/goods/detail/goodsId/2319234574873/shopsId/30254,メンズウェア,6,https://cdn2.2ndstreet.jp/img/pc/goods/231923/45/74873/1.jpg | https://cdn2.2ndstreet.jp/img/pc/goods/231923/45/74873/2.jpg | https://cdn2.2ndstreet.jp/img/pc/goods/231923/45/74873/3.jpg | https://cdn2.2ndstreet.jp/img/pc/goods/231923/45/74873/4.jpg | https://cdn2.2ndstreet.jp/img/pc/goods/231923/45/74873/5.jpg | https://cdn2.2ndstreet.jp/img/pc/goods/231923/45/74873/6.jpg
テーラードジャケット/50/ウール/BLK,DIESEL,メンズウェア > ジャケット > テーラードジャケット,メンズウェア,ジャケット,テーラードジャケット,,50,,,中古B,,,目立つ汚れやダメージはございません。,https://www.2ndstreet.jp/goods/detail/goodsId/2329989958408/shopsId/30939,メンズウェア,5,https://cdn2.2ndstreet.jp/img/pc/goods/232998/99/58408/1.jpg | https://cdn2.2ndstreet.jp/img/pc/goods/232998/99/58408/2.jpg | https://cdn2.2ndstreet.jp/img/pc/goods/232998/99/58408/3.jpg | https://cdn2.2ndstreet.jp/img/pc/goods/232998/99/58408/4.jpg | https://cdn2.2ndstreet.jp/img/pc/goods/232998/99/58408/5.jpg
テーラードジャケット/50/--/NVY/無地,その他ブランド,メンズウェア > ジャケット > テーラードジャケット,メンズウェア,ジャケット,テーラードジャケット,,50,,,中古B,,,一部穴がございます。,https://www.2ndstreet.jp/goods/detail/goodsId/2334993059034/shopsId/31072,メンズウェア,6,https://cdn2.2ndstreet.jp/img/pc/goods/233499/30/59034/1.jpg | https://cdn2.2ndstreet.jp/img/pc/goods/233499/30/59034/2.jpg | https://cdn2.2ndstreet.jp/img/pc/goods/233499/30/59034/3.jpg | https://cdn2.2ndstreet.jp/img/pc/goods/233499/30/59034/4.jpg | https://cdn2.2ndstreet.jp/img/pc/goods/233499/30/59034/5.jpg | https://cdn2.2ndstreet.jp/img/pc/goods/233499/30/59034/6.jpg
イタリア製/背抜き/段返り3B/テーラードジャケット/50/ウール/BEG/TS21141R,De Petrillo,メンズウェア > ジャケット > テーラードジャケット,メンズウェア,ジャケット,テーラードジャケット,,50,,,中古B,,,まだまだご着用いただけます。,https://www.2ndstreet.jp/goods/detail/goodsId/2338751234879/shopsId/31407,メンズウェア,6,https://cdn2.2ndstreet.jp/img/pc/goods/233875/12/34879/1.jpg | https://cdn2.2ndstreet.jp/img/pc/goods/233875/12/34879/2.jpg | https://cdn2.2ndstreet.jp/img/pc/goods/233875/12/34879/3.jpg | https://cdn2.2ndstreet.jp/img/pc/goods/233875/12/34879/4.jpg | https://cdn2.2ndstreet.jp/img/pc/goods/233875/12/34879/5.jpg | https://cdn2.2ndstreet.jp/img/pc/goods/233875/12/34879/6.jpg
テーラードジャケット/50/レザー/NVY,Cinquanta,メンズウェア > ジャケット > テーラードジャケット,メンズウェア,ジャケット,テーラードジャケット,,50,,,中古C,,,襟元の擦れ有,https://www.2ndstreet.jp/goods/detail/goodsId/2347170896117/shopsId/31871,メンズウェア,3,https://cdn2.2ndstreet.jp/img/pc/goods/234717/08/96117/1.jpg | https://cdn2.2ndstreet.jp/img/pc/goods/234717/08/96117/2.jpg | https://cdn2.2ndstreet.jp/img/pc/goods/234717/08/96117/3.jpg
18aw/ノーカラージャケット/テーラードジャケット/50/ウール/NVY/ストライプ/S50BN0357//,Maison Margiela,メンズウェア > ジャケット > テーラードジャケット,メンズウェア,ジャケット,テーラードジャケット,,50,,,中古B,,,特に目立ったダメージや汚れ等は見受けられません。,https://www.2ndstreet.jp/goods/detail/goodsId/2334932845575/shopsId/30310,メンズウェア,6,https://cdn2.2ndstreet.jp/img/pc/goods/233493/28/45575/1.jpg | https://cdn2.2ndstreet.jp/img/pc/goods/233493/28/45575/2.jpg | https://cdn2.2ndstreet.jp/img/pc/goods/233493/28/45575/3.jpg | https://cdn2.2ndstreet.jp/img/pc/goods/233493/28/45575/4.jpg | https://cdn2.2ndstreet.jp/img/pc/goods/233493/28/45575/5.jpg | https://cdn2.2ndstreet.jp/img/pc/goods/233493/28/45575/6.jpg
テーラードジャケット/50/ポリエステル/BLK/Ga0032U-19288-9300,HERNO,メンズウェア > ジャケット > テーラードジャケット,メンズウェア,ジャケット,テーラードジャケット,,50,,,中古B,,,使用感があり、傷や汚れが見られる中古品となります。,https://www.2ndstreet.jp/goods/detail/goodsId/2345600129293/shopsId/31669,メンズウェア,6,https://cdn2.2ndstreet.jp/img/pc/goods/234560/01/29293/1.jpg | https://cdn2.2ndstreet.jp/img/pc/goods/234560/01/29293/2.jpg | https://cdn2.2ndstreet.jp/img/pc/goods/234560/01/29293/3.jpg | https://cdn2.2ndstreet.jp/img/pc/goods/234560/01/29293/4.jpg | https://cdn2.2ndstreet.jp/img/pc/goods/234560/01/29293/5.jpg | https://cdn2.2ndstreet.jp/img/pc/goods/234560/01/29293/6.jpg
テーラードジャケット/50/ウール/BLU,L.B.M.1911,メンズウェア > ジャケット > テーラードジャケット,メンズウェア,ジャケット,テーラードジャケット,,50,,,中古B,,,所々汚れが見られますが、目立つダメージなどはなく、着用に差支えのないお品物です(写真にてご確認ください）,https://www.2ndstreet.jp/goods/detail/goodsId/2346820013362/shopsId/31673,メンズウェア,6,https://cdn2.2ndstreet.jp/img/pc/goods/234682/00/13362/1.jpg | https://cdn2.2ndstreet.jp/img/pc/goods/234682/00/13362/2.jpg | https://cdn2.2ndstreet.jp/img/pc/goods/234682/00/13362/3.jpg | https://cdn2.2ndstreet.jp/img/pc/goods/234682/00/13362/4.jpg | https://cdn2.2ndstreet.jp/img/pc/goods/234682/00/13362/5.jpg | https://cdn2.2ndstreet.jp/img/pc/goods/234682/00/13362/6.jpg
ONE THE SUIT/Guabello/スーツ/50/ウール/BLK/無地,BOSS,メンズウェア > その他 > スーツ,メンズウェア,その他,スーツ,,50,,,中古A,,,,https://www.2ndstreet.jp/goods/detail/goodsId/2319382325006/shopsId/30319,メンズウェア,6,https://cdn2.2ndstreet.jp/img/pc/goods/231938/23/25006/1.jpg | https://cdn2.2ndstreet.jp/img/pc/goods/231938/23/25006/2.jpg | https://cdn2.2ndstreet.jp/img/pc/goods/231938/23/25006/3.jpg | https://cdn2.2ndstreet.jp/img/pc/goods/231938/23/25006/4.jpg | https://cdn2.2ndstreet.jp/img/pc/goods/231938/23/25006/5.jpg | https://cdn2.2ndstreet.jp/img/pc/goods/231938/23/25006/6.jpg
テーラードジャケット/50/ウール/ブラック,Jean Paul GAULTIER CLASSIQUE,メンズウェア > ジャケット > テーラードジャケット,メンズウェア,ジャケット,テーラードジャケット,,50,,,中古B,,,一般的な中古品の状態です。まだまだ長くお使いいただけます。,https://www.2ndstreet.jp/goods/detail/goodsId/2335454759654/shopsId/31124,メンズウェア,4,https://cdn2.2ndstreet.jp/img/pc/goods/233545/47/59654/1.jpg | https://cdn2.2ndstreet.jp/img/pc/goods/233545/47/59654/2.jpg | https://cdn2.2ndstreet.jp/img/pc/goods/233545/47/59654/3.jpg | https://cdn2.2ndstreet.jp/img/pc/goods/233545/47/59654/4.jpg
長袖シャツ/50/コットン/GRY/チェック/0HGBT,DIESEL,メンズウェア > シャツ > 長袖シャツ,メンズウェア,シャツ,長袖シャツ,,50,,,中古B,,,,https://www.2ndstreet.jp/goods/detail/goodsId/2336072825134/shopsId/31145,メンズウェア,6,https://cdn2.2ndstreet.jp/img/pc/goods/233607/28/25134/1.jpg | https://cdn2.2ndstreet.jp/img/pc/goods/233607/28/25134/2.jpg | https://cdn2.2ndstreet.jp/img/pc/goods/233607/28/25134/3.jpg | https://cdn2.2ndstreet.jp/img/pc/goods/233607/28/25134/4.jpg | https://cdn2.2ndstreet.jp/img/pc/goods/233607/28/25134/5.jpg | https://cdn2.2ndstreet.jp/img/pc/goods/233607/28/25134/6.jpg
テーラードジャケット/50/コットン/WHT/チェック/1SMC22K 77QEG187 B1474/,TAGLIATORE,メンズウェア > ジャケット > テーラードジャケット,メンズウェア,ジャケット,テーラードジャケット,,50,,,中古B,,,2B シングル/テーラードジャケット/*首回り・袖口にシミ汚れ有/,https://www.2ndstreet.jp/goods/detail/goodsId/2320454619558/shopsId/30711,メンズウェア,5,https://cdn2.2ndstreet.jp/img/pc/goods/232045/46/19558/1.jpg | https://cdn2.2ndstreet.jp/img/pc/goods/232045/46/19558/2.jpg | https://cdn2.2ndstreet.jp/img/pc/goods/232045/46/19558/3.jpg | https://cdn2.2ndstreet.jp/img/pc/goods/232045/46/19558/4.jpg | https://cdn2.2ndstreet.jp/img/pc/goods/232045/46/19558/5.jpg
ナイロンジャケット/50/ナイロン/BRD/8N1BQ0 1NZQZ//,EMPORIO ARMANI,メンズウェア > アウター > ナイロンジャケット,メンズウェア,アウター,ナイロンジャケット,,50,,,中古B,,,,https://www.2ndstreet.jp/goods/detail/goodsId/2320675802395/shopsId/30738,メンズウェア,5,https://cdn2.2ndstreet.jp/img/pc/goods/232067/58/02395/1.jpg | https://cdn2.2ndstreet.jp/img/pc/goods/232067/58/02395/2.jpg | https://cdn2.2ndstreet.jp/img/pc/goods/232067/58/02395/3.jpg | https://cdn2.2ndstreet.jp/img/pc/goods/232067/58/02395/4.jpg | https://cdn2.2ndstreet.jp/img/pc/goods/232067/58/02395/5.jpg
ミリタリージャケット/50/ポリエステル/KHK/無地,HERMES,メンズウェア > アウター > ミリタリージャケット,メンズウェア,アウター,ミリタリージャケット,,50,,,中古B,,,①ファスナートップ無し,https://www.2ndstreet.jp/goods/detail/goodsId/2339976685101/shopsId/31324,メンズウェア,6,https://cdn2.2ndstreet.jp/img/pc/goods/233997/66/85101/1.jpg | https://cdn2.2ndstreet.jp/img/pc/goods/233997/66/85101/2.jpg | https://cdn2.2ndstreet.jp/img/pc/goods/233997/66/85101/3.jpg | https://cdn2.2ndstreet.jp/img/pc/goods/233997/66/85101/4.jpg | https://cdn2.2ndstreet.jp/img/pc/goods/233997/66/85101/5.jpg | https://cdn2.2ndstreet.jp/img/pc/goods/233997/66/85101/6.jpg
CARLO COMBERTI/レザージャケット・ブルゾン/50/レザー/BRW/無地//,その他ブランド,メンズウェア > ジャケット > レザージャケット,メンズウェア,ジャケット,レザージャケット,,50,,,中古C,,,カビ有り,https://www.2ndstreet.jp/goods/detail/goodsId/2328975269627/shopsId/30904,メンズウェア,6,https://cdn2.2ndstreet.jp/img/pc/goods/232897/52/69627/1.jpg | https://cdn2.2ndstreet.jp/img/pc/goods/232897/52/69627/2.jpg | https://cdn2.2ndstreet.jp/img/pc/goods/232897/52/69627/3.jpg | https://cdn2.2ndstreet.jp/img/pc/goods/232897/52/69627/4.jpg | https://cdn2.2ndstreet.jp/img/pc/goods/232897/52/69627/5.jpg | https://cdn2.2ndstreet.jp/img/pc/goods/232897/52/69627/6.jpg
パーカー/50/コットン/BLK/J22GU0111,JIL SANDER,メンズウェア > トップス > パーカー,メンズウェア,トップス,パーカー,,50,,,中古B,32890,,多少の着用感、使用感がございます。,https://www.2ndstreet.jp/goods/detail/goodsId/2318652049215/shopsId/30783,メンズウェア,6,https://cdn2.2ndstreet.jp/img/pc/goods/231865/20/49215/1.jpg | https://cdn2.2ndstreet.jp/img/pc/goods/231865/20/49215/2.jpg | https://cdn2.2ndstreet.jp/img/pc/goods/231865/20/49215/3.jpg | https://cdn2.2ndstreet.jp/img/pc/goods/231865/20/49215/4.jpg | https://cdn2.2ndstreet.jp/img/pc/goods/231865/20/49215/5.jpg | https://cdn2.2ndstreet.jp/img/pc/goods/231865/20/49215/6.jpg
レザーコート/シープレザージャケット・ブルゾン/50/羊革/BLK/無地/7150-6882,barassi,メンズウェア > ジャケット > レザージャケット,メンズウェア,ジャケット,レザージャケット,,50,,,中古B,,,多少の使用感等ございますが、まだまだご使用いただけます。,https://www.2ndstreet.jp/goods/detail/goodsId/2320054041001/shopsId/30616,メンズウェア,5,https://cdn2.2ndstreet.jp/img/pc/goods/232005/40/41001/1.jpg | https://cdn2.2ndstreet.jp/img/pc/goods/232005/40/41001/2.jpg | https://cdn2.2ndstreet.jp/img/pc/goods/232005/40/41001/3.jpg | https://cdn2.2ndstreet.jp/img/pc/goods/232005/40/41001/4.jpg | https://cdn2.2ndstreet.jp/img/pc/goods/232005/40/41001/5.jpg
テーラードジャケット/50/ウール/BLK/無地,DIESEL,メンズウェア > ジャケット > テーラードジャケット,メンズウェア,ジャケット,テーラードジャケット,,50,,,中古B,,,,https://www.2ndstreet.jp/goods/detail/goodsId/2326925167238/shopsId/30867,メンズウェア,6,https://cdn2.2ndstreet.jp/img/pc/goods/232692/51/67238/1.jpg | https://cdn2.2ndstreet.jp/img/pc/goods/232692/51/67238/2.jpg | https://cdn2.2ndstreet.jp/img/pc/goods/232692/51/67238/3.jpg | https://cdn2.2ndstreet.jp/img/pc/goods/232692/51/67238/4.jpg | https://cdn2.2ndstreet.jp/img/pc/goods/232692/51/67238/5.jpg | https://cdn2.2ndstreet.jp/img/pc/goods/232692/51/67238/6.jpg
ダブルライダースジャケット/50/羊革/BLK,EMPORIO ARMANI,メンズウェア > ジャケット > ライダースジャケット,メンズウェア,ジャケット,ライダースジャケット,,50,,,中古B,,,多少の着用感はございますが比較的綺麗なお品物です。,https://www.2ndstreet.jp/goods/detail/goodsId/2342613055823/shopsId/31471,メンズウェア,6,https://cdn2.2ndstreet.jp/img/pc/goods/234261/30/55823/1.jpg | https://cdn2.2ndstreet.jp/img/pc/goods/234261/30/55823/2.jpg | https://cdn2.2ndstreet.jp/img/pc/goods/234261/30/55823/3.jpg | https://cdn2.2ndstreet.jp/img/pc/goods/234261/30/55823/4.jpg | https://cdn2.2ndstreet.jp/img/pc/goods/234261/30/55823/5.jpg | https://cdn2.2ndstreet.jp/img/pc/goods/234261/30/55823/6.jpg
ナイロンジャケット/50/GRY/ストライプ/V1R390 V1304,EMPORIO ARMANI,メンズウェア > アウター > ナイロンジャケット,メンズウェア,アウター,ナイロンジャケット,,50,,,中古B,,,比較的綺麗な状態です,https://www.2ndstreet.jp/goods/detail/goodsId/2342613055847/shopsId/31471,メンズウェア,6,https://cdn2.2ndstreet.jp/img/pc/goods/234261/30/55847/1.jpg | https://cdn2.2ndstreet.jp/img/pc/goods/234261/30/55847/2.jpg | https://cdn2.2ndstreet.jp/img/pc/goods/234261/30/55847/3.jpg | https://cdn2.2ndstreet.jp/img/pc/goods/234261/30/55847/4.jpg | https://cdn2.2ndstreet.jp/img/pc/goods/234261/30/55847/5.jpg | https://cdn2.2ndstreet.jp/img/pc/goods/234261/30/55847/6.jpg
T/GOGGLE JACKET/ジャケット/50/ポリエステル/BLU/09CMOW041A 005784A//,C.P.COMPANY,メンズウェア > アウター > マウンテンパーカー,メンズウェア,アウター,マウンテンパーカー,,50,,,中古B,,,【型番】09CMOW041A 005784A,https://www.2ndstreet.jp/goods/detail/goodsId/2320163679669/shopsId/31804,メンズウェア,5,https://cdn2.2ndstreet.jp/img/pc/goods/232016/36/79669/1.jpg | https://cdn2.2ndstreet.jp/img/pc/goods/232016/36/79669/2.jpg | https://cdn2.2ndstreet.jp/img/pc/goods/232016/36/79669/3.jpg | https://cdn2.2ndstreet.jp/img/pc/goods/232016/36/79669/4.jpg | https://cdn2.2ndstreet.jp/img/pc/goods/232016/36/79669/5.jpg
テーラードジャケット/50/コットン/BLK/lb-ok-85863,LANVIN en Bleu,メンズウェア > ジャケット > テーラードジャケット,メンズウェア,ジャケット,テーラードジャケット,,50,,,中古B,,,,https://www.2ndstreet.jp/goods/detail/goodsId/2345041394168/shopsId/31622,メンズウェア,5,https://cdn2.2ndstreet.jp/img/pc/goods/234504/13/94168/1.jpg | https://cdn2.2ndstreet.jp/img/pc/goods/234504/13/94168/2.jpg | https://cdn2.2ndstreet.jp/img/pc/goods/234504/13/94168/3.jpg | https://cdn2.2ndstreet.jp/img/pc/goods/234504/13/94168/4.jpg | https://cdn2.2ndstreet.jp/img/pc/goods/234504/13/94168/5.jpg
ナイロンジャケット/50/ナイロン/CML/13CM0W037A 006352A,C.P.COMPANY,メンズウェア > アウター > ナイロンジャケット,メンズウェア,アウター,ナイロンジャケット,,50,,,中古B,,,Metropolis Dynatec Anorak,https://www.2ndstreet.jp/goods/detail/goodsId/2345981395966/shopsId/31749,メンズウェア,6,https://cdn2.2ndstreet.jp/img/pc/goods/234598/13/95966/1.jpg | https://cdn2.2ndstreet.jp/img/pc/goods/234598/13/95966/2.jpg | https://cdn2.2ndstreet.jp/img/pc/goods/234598/13/95966/3.jpg | https://cdn2.2ndstreet.jp/img/pc/goods/234598/13/95966/4.jpg | https://cdn2.2ndstreet.jp/img/pc/goods/234598/13/95966/5.jpg | https://cdn2.2ndstreet.jp/img/pc/goods/234598/13/95966/6.jpg
長袖シャツ/50/コットン/BLU/総柄/118754,LANVIN COLLECTION,メンズウェア > シャツ > 長袖シャツ,メンズウェア,シャツ,長袖シャツ,,50,,,中古B,,,,https://www.2ndstreet.jp/goods/detail/goodsId/2328943342550/shopsId/30907,メンズウェア,5,https://cdn2.2ndstreet.jp/img/pc/goods/232894/33/42550/1.jpg | https://cdn2.2ndstreet.jp/img/pc/goods/232894/33/42550/2.jpg | https://cdn2.2ndstreet.jp/img/pc/goods/232894/33/42550/3.jpg | https://cdn2.2ndstreet.jp/img/pc/goods/232894/33/42550/4.jpg | https://cdn2.2ndstreet.jp/img/pc/goods/232894/33/42550/5.jpg
テーラードジャケット/50/ウール/マルチカラー/チェック/864U01,GUCCI,メンズウェア > ジャケット > テーラードジャケット,メンズウェア,ジャケット,テーラードジャケット,,50,,,中古B,60390,,テーラード,https://www.2ndstreet.jp/goods/detail/goodsId/2330013938457/shopsId/30944,メンズウェア,6,https://cdn2.2ndstreet.jp/img/pc/goods/233001/39/38457/1.jpg | https://cdn2.2ndstreet.jp/img/pc/goods/233001/39/38457/2.jpg | https://cdn2.2ndstreet.jp/img/pc/goods/233001/39/38457/3.jpg | https://cdn2.2ndstreet.jp/img/pc/goods/233001/39/38457/4.jpg | https://cdn2.2ndstreet.jp/img/pc/goods/233001/39/38457/5.jpg | https://cdn2.2ndstreet.jp/img/pc/goods/233001/39/38457/6.jpg
21SS/ダブルライダースジャケット/50/牛革/BLK/無地/S50AM0510,Maison Margiela,メンズウェア > ジャケット > ライダースジャケット,メンズウェア,ジャケット,ライダースジャケット,,50,,,中古B,,,■状態B,https://www.2ndstreet.jp/goods/detail/goodsId/2319352952409/shopsId/31295,メンズウェア,5,https://cdn2.2ndstreet.jp/img/pc/goods/231935/29/52409/1.jpg | https://cdn2.2ndstreet.jp/img/pc/goods/231935/29/52409/2.jpg | https://cdn2.2ndstreet.jp/img/pc/goods/231935/29/52409/3.jpg | https://cdn2.2ndstreet.jp/img/pc/goods/231935/29/52409/4.jpg | https://cdn2.2ndstreet.jp/img/pc/goods/231935/29/52409/5.jpg
ナイロンジャケット/50/ナイロン/NVY,hewitt mfg,メンズウェア > アウター > ナイロンジャケット,メンズウェア,アウター,ナイロンジャケット,,50,,,中古C,,,,https://www.2ndstreet.jp/goods/detail/goodsId/2342983931987/shopsId/31507,メンズウェア,4,https://cdn2.2ndstreet.jp/img/pc/goods/234298/39/31987/1.jpg | https://cdn2.2ndstreet.jp/img/pc/goods/234298/39/31987/2.jpg | https://cdn2.2ndstreet.jp/img/pc/goods/234298/39/31987/3.jpg | https://cdn2.2ndstreet.jp/img/pc/goods/234298/39/31987/4.jpg
ナイロンジャケット/50/--/A08818,DIESEL,メンズウェア > アウター > ナイロンジャケット,メンズウェア,アウター,ナイロンジャケット,,50,,,中古B,,,,https://www.2ndstreet.jp/goods/detail/goodsId/2342093759341/shopsId/31435,メンズウェア,5,https://cdn2.2ndstreet.jp/img/pc/goods/234209/37/59341/1.jpg | https://cdn2.2ndstreet.jp/img/pc/goods/234209/37/59341/2.jpg | https://cdn2.2ndstreet.jp/img/pc/goods/234209/37/59341/3.jpg | https://cdn2.2ndstreet.jp/img/pc/goods/234209/37/59341/4.jpg | https://cdn2.2ndstreet.jp/img/pc/goods/234209/37/59341/5.jpg
長袖シャツ/50/コットン/BLU/ギンガムCK/M25K6SH001,MASU,メンズウェア > シャツ > 長袖シャツ,メンズウェア,シャツ,長袖シャツ,,50,,,中古B,,,,https://www.2ndstreet.jp/goods/detail/goodsId/2335376202733/shopsId/31118,メンズウェア,5,https://cdn2.2ndstreet.jp/img/pc/goods/233537/62/02733/1.jpg | https://cdn2.2ndstreet.jp/img/pc/goods/233537/62/02733/2.jpg | https://cdn2.2ndstreet.jp/img/pc/goods/233537/62/02733/3.jpg | https://cdn2.2ndstreet.jp/img/pc/goods/233537/62/02733/4.jpg | https://cdn2.2ndstreet.jp/img/pc/goods/233537/62/02733/5.jpg
レザージャケット・ブルゾン/50/レザー/BRW,その他ブランド,メンズウェア > ジャケット > レザージャケット,メンズウェア,ジャケット,レザージャケット,,50,,,中古C,,,,https://www.2ndstreet.jp/goods/detail/goodsId/2338283553899/shopsId/31247,メンズウェア,6,https://cdn2.2ndstreet.jp/img/pc/goods/233828/35/53899/1.jpg | https://cdn2.2ndstreet.jp/img/pc/goods/233828/35/53899/2.jpg | https://cdn2.2ndstreet.jp/img/pc/goods/233828/35/53899/3.jpg | https://cdn2.2ndstreet.jp/img/pc/goods/233828/35/53899/4.jpg | https://cdn2.2ndstreet.jp/img/pc/goods/233828/35/53899/5.jpg | https://cdn2.2ndstreet.jp/img/pc/goods/233828/35/53899/6.jpg
2WAY長袖シャツ/50/コットン/BLU/花柄,Etudes,メンズウェア > シャツ > 長袖シャツ,メンズウェア,シャツ,長袖シャツ,,50,,,中古B,,,,https://www.2ndstreet.jp/goods/detail/goodsId/2340482764501/shopsId/31349,メンズウェア,6,https://cdn2.2ndstreet.jp/img/pc/goods/234048/27/64501/1.jpg | https://cdn2.2ndstreet.jp/img/pc/goods/234048/27/64501/2.jpg | https://cdn2.2ndstreet.jp/img/pc/goods/234048/27/64501/3.jpg | https://cdn2.2ndstreet.jp/img/pc/goods/234048/27/64501/4.jpg | https://cdn2.2ndstreet.jp/img/pc/goods/234048/27/64501/5.jpg | https://cdn2.2ndstreet.jp/img/pc/goods/234048/27/64501/6.jpg
STEREOTYPE HOODIE/パーカー/50/コットン/PNK/無地/S50GU0132,Maison Margiela,メンズウェア > トップス > パーカー,メンズウェア,トップス,パーカー,,50,,,中古B,,,,https://www.2ndstreet.jp/goods/detail/goodsId/2343563390828/shopsId/31556,メンズウェア,6,https://cdn2.2ndstreet.jp/img/pc/goods/234356/33/90828/1.jpg | https://cdn2.2ndstreet.jp/img/pc/goods/234356/33/90828/2.jpg | https://cdn2.2ndstreet.jp/img/pc/goods/234356/33/90828/3.jpg | https://cdn2.2ndstreet.jp/img/pc/goods/234356/33/90828/4.jpg | https://cdn2.2ndstreet.jp/img/pc/goods/234356/33/90828/5.jpg | https://cdn2.2ndstreet.jp/img/pc/goods/234356/33/90828/6.jpg
プルオーバーパーカー/50/コットン/PNK/LA-2B,LANVIN,メンズウェア > トップス > パーカー,メンズウェア,トップス,パーカー,,50,,,中古B,,,色褪せがございます。,https://www.2ndstreet.jp/goods/detail/goodsId/2320204211575/shopsId/30684,メンズウェア,6,https://cdn2.2ndstreet.jp/img/pc/goods/232020/42/11575/1.jpg | https://cdn2.2ndstreet.jp/img/pc/goods/232020/42/11575/2.jpg | https://cdn2.2ndstreet.jp/img/pc/goods/232020/42/11575/3.jpg | https://cdn2.2ndstreet.jp/img/pc/goods/232020/42/11575/4.jpg | https://cdn2.2ndstreet.jp/img/pc/goods/232020/42/11575/5.jpg | https://cdn2.2ndstreet.jp/img/pc/goods/232020/42/11575/6.jpg
スーツ/50/--/BLK/1221-110-0403//,BEAUTY&YOUTH UNITED ARROWS,メンズウェア > その他 > スーツ,メンズウェア,その他,スーツ,,50,,,中古C,,,※ 袖口のボタンが欠損しております。,https://www.2ndstreet.jp/goods/detail/goodsId/2340554394834/shopsId/31354,メンズウェア,6,https://cdn2.2ndstreet.jp/img/pc/goods/234055/43/94834/1.jpg | https://cdn2.2ndstreet.jp/img/pc/goods/234055/43/94834/2.jpg | https://cdn2.2ndstreet.jp/img/pc/goods/234055/43/94834/3.jpg | https://cdn2.2ndstreet.jp/img/pc/goods/234055/43/94834/4.jpg | https://cdn2.2ndstreet.jp/img/pc/goods/234055/43/94834/5.jpg | https://cdn2.2ndstreet.jp/img/pc/goods/234055/43/94834/6.jpg
50s/ダブルブレスト/メタルボタン/12ボタン/カバーオール/50/コットン/IDG/無地,SANFOR,メンズウェア > ジャケット > カバーオール,メンズウェア,ジャケット,カバーオール,,50,,,中古B,,,全体的に汚れ有,https://www.2ndstreet.jp/goods/detail/goodsId/2319634272140/shopsId/30536,メンズウェア,6,https://cdn2.2ndstreet.jp/img/pc/goods/231963/42/72140/1.jpg | https://cdn2.2ndstreet.jp/img/pc/goods/231963/42/72140/2.jpg | https://cdn2.2ndstreet.jp/img/pc/goods/231963/42/72140/3.jpg | https://cdn2.2ndstreet.jp/img/pc/goods/231963/42/72140/4.jpg | https://cdn2.2ndstreet.jp/img/pc/goods/231963/42/72140/5.jpg | https://cdn2.2ndstreet.jp/img/pc/goods/231963/42/72140/6.jpg
Shearing/～80s/ムートン/レザージャケット・ブルゾン/50/レザー/ブラウン,その他ブランド,メンズウェア > ジャケット > レザージャケット,メンズウェア,ジャケット,レザージャケット,,50,,,中古B,,,,https://www.2ndstreet.jp/goods/detail/goodsId/2328642997723/shopsId/30896,メンズウェア,4,https://cdn2.2ndstreet.jp/img/pc/goods/232864/29/97723/1.jpg | https://cdn2.2ndstreet.jp/img/pc/goods/232864/29/97723/2.jpg | https://cdn2.2ndstreet.jp/img/pc/goods/232864/29/97723/3.jpg | https://cdn2.2ndstreet.jp/img/pc/goods/232864/29/97723/4.jpg
24AW/2Bテーラードジャケット/50/ウール/NVY/61-07-45-07703,TOMORROWLAND,メンズウェア > ジャケット > テーラードジャケット,メンズウェア,ジャケット,テーラードジャケット,,50,,,中古B,,,一部使用感がございます。,https://www.2ndstreet.jp/goods/detail/goodsId/2329825959231/shopsId/30936,メンズウェア,5,https://cdn2.2ndstreet.jp/img/pc/goods/232982/59/59231/1.jpg | https://cdn2.2ndstreet.jp/img/pc/goods/232982/59/59231/2.jpg | https://cdn2.2ndstreet.jp/img/pc/goods/232982/59/59231/3.jpg | https://cdn2.2ndstreet.jp/img/pc/goods/232982/59/59231/4.jpg | https://cdn2.2ndstreet.jp/img/pc/goods/232982/59/59231/5.jpg
PAIDEIA/スーツ/50/ウール/BLK/RBJ512212,その他ブランド,メンズウェア > その他 > スーツ,メンズウェア,その他,スーツ,,50,,,中古B,,,,https://www.2ndstreet.jp/goods/detail/goodsId/2320666640944/shopsId/30737,メンズウェア,4,https://cdn2.2ndstreet.jp/img/pc/goods/232066/66/40944/1.jpg | https://cdn2.2ndstreet.jp/img/pc/goods/232066/66/40944/2.jpg | https://cdn2.2ndstreet.jp/img/pc/goods/232066/66/40944/3.jpg | https://cdn2.2ndstreet.jp/img/pc/goods/232066/66/40944/4.jpg
レザージャケット・ブルゾン/50/レザー/BLK,MUNPER,メンズウェア > ジャケット > レザージャケット,メンズウェア,ジャケット,レザージャケット,,50,,,中古B,,,,https://www.2ndstreet.jp/goods/detail/goodsId/2334264749268/shopsId/31040,メンズウェア,6,https://cdn2.2ndstreet.jp/img/pc/goods/233426/47/49268/1.jpg | https://cdn2.2ndstreet.jp/img/pc/goods/233426/47/49268/2.jpg | https://cdn2.2ndstreet.jp/img/pc/goods/233426/47/49268/3.jpg | https://cdn2.2ndstreet.jp/img/pc/goods/233426/47/49268/4.jpg | https://cdn2.2ndstreet.jp/img/pc/goods/233426/47/49268/5.jpg | https://cdn2.2ndstreet.jp/img/pc/goods/233426/47/49268/6.jpg
テーラードジャケット/50/ウール/NVY/1sgg22k,TAGLIATORE,メンズウェア > ジャケット > テーラードジャケット,メンズウェア,ジャケット,テーラードジャケット,,50,,,中古B,,,【商品名】テーラードジャケット,https://www.2ndstreet.jp/goods/detail/goodsId/2336476280942/shopsId/31404,メンズウェア,5,https://cdn2.2ndstreet.jp/img/pc/goods/233647/62/80942/1.jpg | https://cdn2.2ndstreet.jp/img/pc/goods/233647/62/80942/2.jpg | https://cdn2.2ndstreet.jp/img/pc/goods/233647/62/80942/3.jpg | https://cdn2.2ndstreet.jp/img/pc/goods/233647/62/80942/4.jpg | https://cdn2.2ndstreet.jp/img/pc/goods/233647/62/80942/5.jpg
長袖シャツ/50/コットン/YLW/チェック/A10687-S-LIMO-PKT-0TGAX,DIESEL,メンズウェア > シャツ > 長袖シャツ,メンズウェア,シャツ,長袖シャツ,,50,,,中古B,,,■状態B,https://www.2ndstreet.jp/goods/detail/goodsId/2344950549201/shopsId/31108,メンズウェア,6,https://cdn2.2ndstreet.jp/img/pc/goods/234495/05/49201/1.jpg | https://cdn2.2ndstreet.jp/img/pc/goods/234495/05/49201/2.jpg | https://cdn2.2ndstreet.jp/img/pc/goods/234495/05/49201/3.jpg | https://cdn2.2ndstreet.jp/img/pc/goods/234495/05/49201/4.jpg | https://cdn2.2ndstreet.jp/img/pc/goods/234495/05/49201/5.jpg | https://cdn2.2ndstreet.jp/img/pc/goods/234495/05/49201/6.jpg
パーカー/50/コットン/BLK/78000440,FORSOMEONE,メンズウェア > トップス > パーカー,メンズウェア,トップス,パーカー,,50,,,中古B,,,,https://www.2ndstreet.jp/goods/detail/goodsId/2320614058548/shopsId/30730,メンズウェア,5,https://cdn2.2ndstreet.jp/img/pc/goods/232061/40/58548/1.jpg | https://cdn2.2ndstreet.jp/img/pc/goods/232061/40/58548/2.jpg | https://cdn2.2ndstreet.jp/img/pc/goods/232061/40/58548/3.jpg | https://cdn2.2ndstreet.jp/img/pc/goods/232061/40/58548/4.jpg | https://cdn2.2ndstreet.jp/img/pc/goods/232061/40/58548/5.jpg
Gジャン/50/コットン/ブラック/620731,BALENCIAGA,メンズウェア > ジャケット > Ｇジャン,メンズウェア,ジャケット,Ｇジャン,,50,,,中古B,,,目立つ傷や汚れはございません。,https://www.2ndstreet.jp/goods/detail/goodsId/2332592173496/shopsId/30960,メンズウェア,6,https://cdn2.2ndstreet.jp/img/pc/goods/233259/21/73496/1.jpg | https://cdn2.2ndstreet.jp/img/pc/goods/233259/21/73496/2.jpg | https://cdn2.2ndstreet.jp/img/pc/goods/233259/21/73496/3.jpg | https://cdn2.2ndstreet.jp/img/pc/goods/233259/21/73496/4.jpg | https://cdn2.2ndstreet.jp/img/pc/goods/233259/21/73496/5.jpg | https://cdn2.2ndstreet.jp/img/pc/goods/233259/21/73496/6.jpg
テーラードジャケット/50/ウール/BRW/635942 ZAA2U,GUCCI,メンズウェア > ジャケット > テーラードジャケット,メンズウェア,ジャケット,テーラードジャケット,,50,,,中古A,,,,https://www.2ndstreet.jp/goods/detail/goodsId/2334413302870/shopsId/31503,メンズウェア,6,https://cdn2.2ndstreet.jp/img/pc/goods/233441/33/02870/1.jpg | https://cdn2.2ndstreet.jp/img/pc/goods/233441/33/02870/2.jpg | https://cdn2.2ndstreet.jp/img/pc/goods/233441/33/02870/3.jpg | https://cdn2.2ndstreet.jp/img/pc/goods/233441/33/02870/4.jpg | https://cdn2.2ndstreet.jp/img/pc/goods/233441/33/02870/5.jpg | https://cdn2.2ndstreet.jp/img/pc/goods/233441/33/02870/6.jpg
ギリシャ軍/フルセット/ミリタリージャケット/50/コットン/グレー,MILITARY,メンズウェア > アウター > ミリタリージャケット,メンズウェア,アウター,ミリタリージャケット,,50,,,中古B,,,,https://www.2ndstreet.jp/goods/detail/goodsId/2319634344267/shopsId/30536,メンズウェア,4,https://cdn2.2ndstreet.jp/img/pc/goods/231963/43/44267/1.jpg | https://cdn2.2ndstreet.jp/img/pc/goods/231963/43/44267/2.jpg | https://cdn2.2ndstreet.jp/img/pc/goods/231963/43/44267/3.jpg | https://cdn2.2ndstreet.jp/img/pc/goods/231963/43/44267/4.jpg
スウェット/50/コットン/BLK/無地/595630,BOTTEGA VENETA,メンズウェア > トップス > スウェット,メンズウェア,トップス,スウェット,,50,,,中古B,,,特筆すべきダメージはございません。,https://www.2ndstreet.jp/goods/detail/goodsId/2348450018434/shopsId/31976,メンズウェア,6,https://cdn2.2ndstreet.jp/img/pc/goods/234845/00/18434/1.jpg | https://cdn2.2ndstreet.jp/img/pc/goods/234845/00/18434/2.jpg | https://cdn2.2ndstreet.jp/img/pc/goods/234845/00/18434/3.jpg | https://cdn2.2ndstreet.jp/img/pc/goods/234845/00/18434/4.jpg | https://cdn2.2ndstreet.jp/img/pc/goods/234845/00/18434/5.jpg | https://cdn2.2ndstreet.jp/img/pc/goods/234845/00/18434/6.jpg
マウンテンパーカ/50/ナイロン/KHK/カモフラ/GI054UL-12213P-7770,HERNO,メンズウェア > アウター > マウンテンパーカー,メンズウェア,アウター,マウンテンパーカー,,50,,,中古B,,,,https://www.2ndstreet.jp/goods/detail/goodsId/2328975197777/shopsId/30904,メンズウェア,6,https://cdn2.2ndstreet.jp/img/pc/goods/232897/51/97777/1.jpg | https://cdn2.2ndstreet.jp/img/pc/goods/232897/51/97777/2.jpg | https://cdn2.2ndstreet.jp/img/pc/goods/232897/51/97777/3.jpg | https://cdn2.2ndstreet.jp/img/pc/goods/232897/51/97777/4.jpg | https://cdn2.2ndstreet.jp/img/pc/goods/232897/51/97777/5.jpg | https://cdn2.2ndstreet.jp/img/pc/goods/232897/51/97777/6.jpg
EIKO/ユーロワーク/カバーオール/50/コットン/NVY/ストライプ,EURO VINTAGE,メンズウェア > ジャケット > カバーオール,メンズウェア,ジャケット,カバーオール,,50,,,中古B,8690,,内側にタグ跡が見受けられます。,https://www.2ndstreet.jp/goods/detail/goodsId/2341736048392/shopsId/31417,メンズウェア,6,https://cdn2.2ndstreet.jp/img/pc/goods/234173/60/48392/1.jpg | https://cdn2.2ndstreet.jp/img/pc/goods/234173/60/48392/2.jpg | https://cdn2.2ndstreet.jp/img/pc/goods/234173/60/48392/3.jpg | https://cdn2.2ndstreet.jp/img/pc/goods/234173/60/48392/4.jpg | https://cdn2.2ndstreet.jp/img/pc/goods/234173/60/48392/5.jpg | https://cdn2.2ndstreet.jp/img/pc/goods/234173/60/48392/6.jpg
Gジャン/50/デニム/グレー/無地/RR02C7705-DMPER,Rick Owens,メンズウェア > ジャケット > Ｇジャン,メンズウェア,ジャケット,Ｇジャン,,50,,,中古B,,,大きな汚れやダメージは見られません。,https://www.2ndstreet.jp/goods/detail/goodsId/2346851578458/shopsId/31024,メンズウェア,6,https://cdn2.2ndstreet.jp/img/pc/goods/234685/15/78458/1.jpg | https://cdn2.2ndstreet.jp/img/pc/goods/234685/15/78458/2.jpg | https://cdn2.2ndstreet.jp/img/pc/goods/234685/15/78458/3.jpg | https://cdn2.2ndstreet.jp/img/pc/goods/234685/15/78458/4.jpg | https://cdn2.2ndstreet.jp/img/pc/goods/234685/15/78458/5.jpg | https://cdn2.2ndstreet.jp/img/pc/goods/234685/15/78458/6.jpg
Gジャン/50/コットン/NVY/S74AM1061 S30342,DSQUARED2,メンズウェア > ジャケット > Ｇジャン,メンズウェア,ジャケット,Ｇジャン,,50,,,中古B,,,使用・着用による使用感がございますがまだまだお使いいただけます。状態について等ご不明な点・質問等は、お気軽に当店までお問い合わせくださいませ。,https://www.2ndstreet.jp/goods/detail/goodsId/2332474503793/shopsId/30891,メンズウェア,6,https://cdn2.2ndstreet.jp/img/pc/goods/233247/45/03793/1.jpg | https://cdn2.2ndstreet.jp/img/pc/goods/233247/45/03793/2.jpg | https://cdn2.2ndstreet.jp/img/pc/goods/233247/45/03793/3.jpg | https://cdn2.2ndstreet.jp/img/pc/goods/233247/45/03793/4.jpg | https://cdn2.2ndstreet.jp/img/pc/goods/233247/45/03793/5.jpg | https://cdn2.2ndstreet.jp/img/pc/goods/233247/45/03793/6.jpg
テーラードジャケット/50/--/WHT/61-07-22-07003,TOMORROWLAND,メンズウェア > ジャケット > テーラードジャケット,メンズウェア,ジャケット,テーラードジャケット,,50,,,中古B,,,,https://www.2ndstreet.jp/goods/detail/goodsId/2334764471799/shopsId/31069,メンズウェア,5,https://cdn2.2ndstreet.jp/img/pc/goods/233476/44/71799/1.jpg | https://cdn2.2ndstreet.jp/img/pc/goods/233476/44/71799/2.jpg | https://cdn2.2ndstreet.jp/img/pc/goods/233476/44/71799/3.jpg | https://cdn2.2ndstreet.jp/img/pc/goods/233476/44/71799/4.jpg | https://cdn2.2ndstreet.jp/img/pc/goods/233476/44/71799/5.jpg
パーカー/50/コットン/BLK/0023bAW24,TAKAHIROMIYASHITA TheSoloist.,メンズウェア > トップス > パーカー,メンズウェア,トップス,パーカー,,50,,,中古B,,,特筆すべきダメージ等はございません。,https://www.2ndstreet.jp/goods/detail/goodsId/2338564751488/shopsId/31263,メンズウェア,6,https://cdn2.2ndstreet.jp/img/pc/goods/233856/47/51488/1.jpg | https://cdn2.2ndstreet.jp/img/pc/goods/233856/47/51488/2.jpg | https://cdn2.2ndstreet.jp/img/pc/goods/233856/47/51488/3.jpg | https://cdn2.2ndstreet.jp/img/pc/goods/233856/47/51488/4.jpg | https://cdn2.2ndstreet.jp/img/pc/goods/233856/47/51488/5.jpg | https://cdn2.2ndstreet.jp/img/pc/goods/233856/47/51488/6.jpg
Ardennes/レザージャケット・ブルゾン/50/羊革/BRW,その他ブランド,メンズウェア > ジャケット > レザージャケット,メンズウェア,ジャケット,レザージャケット,,50,,,中古B,,,【備考】SORBONNE,https://www.2ndstreet.jp/goods/detail/goodsId/2341031794758/shopsId/31380,メンズウェア,6,https://cdn2.2ndstreet.jp/img/pc/goods/234103/17/94758/1.jpg | https://cdn2.2ndstreet.jp/img/pc/goods/234103/17/94758/2.jpg | https://cdn2.2ndstreet.jp/img/pc/goods/234103/17/94758/3.jpg | https://cdn2.2ndstreet.jp/img/pc/goods/234103/17/94758/4.jpg | https://cdn2.2ndstreet.jp/img/pc/goods/234103/17/94758/5.jpg | https://cdn2.2ndstreet.jp/img/pc/goods/234103/17/94758/6.jpg
3120700213/長袖シャツ/50/コットン/ホワイト/ストライプ/ドリスヴァンノッテン//,DRIES VAN NOTEN,メンズウェア > シャツ > 長袖シャツ,メンズウェア,シャツ,長袖シャツ,,50,,,中古B,,,襟変色有の商品となっております。その他、状態に関しましてはダメージ等の少ない一般的な中古品となっております。,https://www.2ndstreet.jp/goods/detail/goodsId/2338880585446/shopsId/31224,メンズウェア,5,https://cdn2.2ndstreet.jp/img/pc/goods/233888/05/85446/1.jpg | https://cdn2.2ndstreet.jp/img/pc/goods/233888/05/85446/2.jpg | https://cdn2.2ndstreet.jp/img/pc/goods/233888/05/85446/3.jpg | https://cdn2.2ndstreet.jp/img/pc/goods/233888/05/85446/4.jpg | https://cdn2.2ndstreet.jp/img/pc/goods/233888/05/85446/5.jpg
ナイロンジャケット/50/ナイロン/BLK/総柄/546344ZAAH3,GUCCI,メンズウェア > アウター > ナイロンジャケット,メンズウェア,アウター,ナイロンジャケット,,50,,,中古B,,,メタルロゴ,https://www.2ndstreet.jp/goods/detail/goodsId/2347381703723/shopsId/31880,メンズウェア,6,https://cdn2.2ndstreet.jp/img/pc/goods/234738/17/03723/1.jpg | https://cdn2.2ndstreet.jp/img/pc/goods/234738/17/03723/2.jpg | https://cdn2.2ndstreet.jp/img/pc/goods/234738/17/03723/3.jpg | https://cdn2.2ndstreet.jp/img/pc/goods/234738/17/03723/4.jpg | https://cdn2.2ndstreet.jp/img/pc/goods/234738/17/03723/5.jpg | https://cdn2.2ndstreet.jp/img/pc/goods/234738/17/03723/6.jpg
レザージャケット・ブルゾン/50/レザー/BRW/チャック部分サビ有//,ORCIANI,メンズウェア > ジャケット > レザージャケット,メンズウェア,ジャケット,レザージャケット,,50,,,中古B,,,チャック部分に錆があり、大変動かしにくくなっております。通常使用による使用感がございますが、ご使用に差支えのないお品物となっております。,https://www.2ndstreet.jp/goods/detail/goodsId/2334024433611/shopsId/31009,メンズウェア,6,https://cdn2.2ndstreet.jp/img/pc/goods/233402/44/33611/1.jpg | https://cdn2.2ndstreet.jp/img/pc/goods/233402/44/33611/2.jpg | https://cdn2.2ndstreet.jp/img/pc/goods/233402/44/33611/3.jpg | https://cdn2.2ndstreet.jp/img/pc/goods/233402/44/33611/4.jpg | https://cdn2.2ndstreet.jp/img/pc/goods/233402/44/33611/5.jpg | https://cdn2.2ndstreet.jp/img/pc/goods/233402/44/33611/6.jpg
セットアップ/50/ポリエステル/BRD/サイドライン/0380-103-54410,SANTAFE,メンズウェア > その他 > セットアップ,メンズウェア,その他,セットアップ,,50,,,中古B,,,①右側のポケットファスナー破損,https://www.2ndstreet.jp/goods/detail/goodsId/2318632229897/shopsId/30773,メンズウェア,6,https://cdn2.2ndstreet.jp/img/pc/goods/231863/22/29897/1.jpg | https://cdn2.2ndstreet.jp/img/pc/goods/231863/22/29897/2.jpg | https://cdn2.2ndstreet.jp/img/pc/goods/231863/22/29897/3.jpg | https://cdn2.2ndstreet.jp/img/pc/goods/231863/22/29897/4.jpg | https://cdn2.2ndstreet.jp/img/pc/goods/231863/22/29897/5.jpg | https://cdn2.2ndstreet.jp/img/pc/goods/231863/22/29897/6.jpg
スーツ/50/ウール/GRY/DS004/61-06-31-06105,TOMORROWLAND / Ermenegildo Zegna,メンズウェア > その他 > スーツ,メンズウェア,その他,スーツ,,50,,,中古B,,,【型番】DS004/61-06-31-06105,https://www.2ndstreet.jp/goods/detail/goodsId/2320163653416/shopsId/30630,メンズウェア,4,https://cdn2.2ndstreet.jp/img/pc/goods/232016/36/53416/1.jpg | https://cdn2.2ndstreet.jp/img/pc/goods/232016/36/53416/2.jpg | https://cdn2.2ndstreet.jp/img/pc/goods/232016/36/53416/3.jpg | https://cdn2.2ndstreet.jp/img/pc/goods/232016/36/53416/4.jpg
J-WARRET-LOGO-LOGO/50/ナイロン/ブラック/A11433,DIESEL,メンズウェア > アウター > ナイロンジャケット,メンズウェア,アウター,ナイロンジャケット,,50,,,中古B,,,,https://www.2ndstreet.jp/goods/detail/goodsId/2329972184418/shopsId/30942,メンズウェア,6,https://cdn2.2ndstreet.jp/img/pc/goods/232997/21/84418/1.jpg | https://cdn2.2ndstreet.jp/img/pc/goods/232997/21/84418/2.jpg | https://cdn2.2ndstreet.jp/img/pc/goods/232997/21/84418/3.jpg | https://cdn2.2ndstreet.jp/img/pc/goods/232997/21/84418/4.jpg | https://cdn2.2ndstreet.jp/img/pc/goods/232997/21/84418/5.jpg | https://cdn2.2ndstreet.jp/img/pc/goods/232997/21/84418/6.jpg
スーツ/50/ナイロン/ネイビー/無地/×SHOHEI OHTANI/大谷翔平//,HUGO BOSS,メンズウェア > その他 > スーツ,メンズウェア,その他,スーツ,,50,,,中古B,,,当店の商品を御閲覧いただき誠にありがとうございます。,https://www.2ndstreet.jp/goods/detail/goodsId/2334724908693/shopsId/31794,メンズウェア,6,https://cdn2.2ndstreet.jp/img/pc/goods/233472/49/08693/1.jpg | https://cdn2.2ndstreet.jp/img/pc/goods/233472/49/08693/2.jpg | https://cdn2.2ndstreet.jp/img/pc/goods/233472/49/08693/3.jpg | https://cdn2.2ndstreet.jp/img/pc/goods/233472/49/08693/4.jpg | https://cdn2.2ndstreet.jp/img/pc/goods/233472/49/08693/5.jpg | https://cdn2.2ndstreet.jp/img/pc/goods/233472/49/08693/6.jpg
60s～/デットストック/BOTTON LE CABLE/フランス/ワーク/50//,その他ブランド,メンズウェア > ジャケット > カバーオール,メンズウェア,ジャケット,カバーオール,,50,,,中古B,,,,https://www.2ndstreet.jp/goods/detail/goodsId/2342612996578/shopsId/30816,メンズウェア,4,https://cdn2.2ndstreet.jp/img/pc/goods/234261/29/96578/1.jpg | https://cdn2.2ndstreet.jp/img/pc/goods/234261/29/96578/2.jpg | https://cdn2.2ndstreet.jp/img/pc/goods/234261/29/96578/3.jpg | https://cdn2.2ndstreet.jp/img/pc/goods/234261/29/96578/4.jpg
テーラードジャケット/50/ポリエステル/BLK/445908,Jean Paul GAULTIER HOMME,メンズウェア > ジャケット > テーラードジャケット,メンズウェア,ジャケット,テーラードジャケット,,50,,,中古B,,,目立つ汚れや使用感は無く、永くご愛用いただけます。店頭にて販売を行っている為、ご試着による多少の使用感が出てしまう場合がございます。あくまで中古品ですので、ご理解の上、ご検討をお願い致します。商品について気になる点やご不明な点がございましたらお気軽に当店までお問合せくださいませ。,https://www.2ndstreet.jp/goods/detail/goodsId/2345981402466/shopsId/31749,メンズウェア,3,https://cdn2.2ndstreet.jp/img/pc/goods/234598/14/02466/1.jpg | https://cdn2.2ndstreet.jp/img/pc/goods/234598/14/02466/2.jpg | https://cdn2.2ndstreet.jp/img/pc/goods/234598/14/02466/3.jpg
テーラードジャケット/50/ポリエステル/PUP/無地/62-07-44-07009-HN,TOMORROWLAND,メンズウェア > ジャケット > テーラードジャケット,メンズウェア,ジャケット,テーラードジャケット,,50,,,未使用品,,,BARBA JACKET,https://www.2ndstreet.jp/goods/detail/goodsId/2319653703205/shopsId/30541,メンズウェア,5,https://cdn2.2ndstreet.jp/img/pc/goods/231965/37/03205/1.jpg | https://cdn2.2ndstreet.jp/img/pc/goods/231965/37/03205/2.jpg | https://cdn2.2ndstreet.jp/img/pc/goods/231965/37/03205/3.jpg | https://cdn2.2ndstreet.jp/img/pc/goods/231965/37/03205/4.jpg | https://cdn2.2ndstreet.jp/img/pc/goods/231965/37/03205/5.jpg
テーラードジャケット/50/ウール/BLK/ストライプ,GIORGIO ARMANI,メンズウェア > ジャケット > テーラードジャケット,メンズウェア,ジャケット,テーラードジャケット,,50,,,中古B,,,,https://www.2ndstreet.jp/goods/detail/goodsId/2341695140168/shopsId/31413,メンズウェア,5,https://cdn2.2ndstreet.jp/img/pc/goods/234169/51/40168/1.jpg | https://cdn2.2ndstreet.jp/img/pc/goods/234169/51/40168/2.jpg | https://cdn2.2ndstreet.jp/img/pc/goods/234169/51/40168/3.jpg | https://cdn2.2ndstreet.jp/img/pc/goods/234169/51/40168/4.jpg | https://cdn2.2ndstreet.jp/img/pc/goods/234169/51/40168/5.jpg
長袖シャツ/50/コットン/WHT/無地/70s,ITALIAN MILITARY,メンズウェア > シャツ > 長袖シャツ,メンズウェア,シャツ,長袖シャツ,,50,,,中古B,,,,https://www.2ndstreet.jp/goods/detail/goodsId/2321131937309/shopsId/30801,メンズウェア,4,https://cdn2.2ndstreet.jp/img/pc/goods/232113/19/37309/1.jpg | https://cdn2.2ndstreet.jp/img/pc/goods/232113/19/37309/2.jpg | https://cdn2.2ndstreet.jp/img/pc/goods/232113/19/37309/3.jpg | https://cdn2.2ndstreet.jp/img/pc/goods/232113/19/37309/4.jpg
レザージャケット・ブルゾン/50/レザー/BRW//,BOLINI,メンズウェア > ジャケット > レザージャケット,メンズウェア,ジャケット,レザージャケット,,50,,,中古B,,,,https://www.2ndstreet.jp/goods/detail/goodsId/2339594081064/shopsId/31514,メンズウェア,5,https://cdn2.2ndstreet.jp/img/pc/goods/233959/40/81064/1.jpg | https://cdn2.2ndstreet.jp/img/pc/goods/233959/40/81064/2.jpg | https://cdn2.2ndstreet.jp/img/pc/goods/233959/40/81064/3.jpg | https://cdn2.2ndstreet.jp/img/pc/goods/233959/40/81064/4.jpg | https://cdn2.2ndstreet.jp/img/pc/goods/233959/40/81064/5.jpg
GVF/レザージャケット・ブルゾン/50/レザー/BLK//,その他ブランド,メンズウェア > ジャケット > レザージャケット,メンズウェア,ジャケット,レザージャケット,,50,,,中古B,,,ジップ下部破損のため閉めづらくなっております。,https://www.2ndstreet.jp/goods/detail/goodsId/2342184263603/shopsId/31461,メンズウェア,4,https://cdn2.2ndstreet.jp/img/pc/goods/234218/42/63603/1.jpg | https://cdn2.2ndstreet.jp/img/pc/goods/234218/42/63603/2.jpg | https://cdn2.2ndstreet.jp/img/pc/goods/234218/42/63603/3.jpg | https://cdn2.2ndstreet.jp/img/pc/goods/234218/42/63603/4.jpg
テーラードジャケット/50/アルパカ/BRW/チェック/10319-1,TAGLIATORE,メンズウェア > ジャケット > テーラードジャケット,メンズウェア,ジャケット,テーラードジャケット,,50,,,中古B,,,,https://www.2ndstreet.jp/goods/detail/goodsId/2344173095264/shopsId/31601,メンズウェア,6,https://cdn2.2ndstreet.jp/img/pc/goods/234417/30/95264/1.jpg | https://cdn2.2ndstreet.jp/img/pc/goods/234417/30/95264/2.jpg | https://cdn2.2ndstreet.jp/img/pc/goods/234417/30/95264/3.jpg | https://cdn2.2ndstreet.jp/img/pc/goods/234417/30/95264/4.jpg | https://cdn2.2ndstreet.jp/img/pc/goods/234417/30/95264/5.jpg | https://cdn2.2ndstreet.jp/img/pc/goods/234417/30/95264/6.jpg
長袖シャツ/50/コットン/IDG/無地,ZANONE,メンズウェア > シャツ > 長袖シャツ,メンズウェア,シャツ,長袖シャツ,,50,,,中古B,,,,https://www.2ndstreet.jp/goods/detail/goodsId/2347190660316/shopsId/31872,メンズウェア,6,https://cdn2.2ndstreet.jp/img/pc/goods/234719/06/60316/1.jpg | https://cdn2.2ndstreet.jp/img/pc/goods/234719/06/60316/2.jpg | https://cdn2.2ndstreet.jp/img/pc/goods/234719/06/60316/3.jpg | https://cdn2.2ndstreet.jp/img/pc/goods/234719/06/60316/4.jpg | https://cdn2.2ndstreet.jp/img/pc/goods/234719/06/60316/5.jpg | https://cdn2.2ndstreet.jp/img/pc/goods/234719/06/60316/6.jpg
カバーオール/50/ポリエステル/KHK/カモフラ,EVISU,メンズウェア > ジャケット > カバーオール,メンズウェア,ジャケット,カバーオール,,50,,,中古B,,,,https://www.2ndstreet.jp/goods/detail/goodsId/2348840199675/shopsId/32007,メンズウェア,4,https://cdn2.2ndstreet.jp/img/pc/goods/234884/01/99675/1.jpg | https://cdn2.2ndstreet.jp/img/pc/goods/234884/01/99675/2.jpg | https://cdn2.2ndstreet.jp/img/pc/goods/234884/01/99675/3.jpg | https://cdn2.2ndstreet.jp/img/pc/goods/234884/01/99675/4.jpg
長袖シャツ/50/コットン/KHK/無地,Nigel Cabourn,メンズウェア > シャツ > 長袖シャツ,メンズウェア,シャツ,長袖シャツ,,50,,,中古B,,,全体的に色褪せあり,https://www.2ndstreet.jp/goods/detail/goodsId/2318724715116/shopsId/01811,メンズウェア,5,https://cdn2.2ndstreet.jp/img/pc/goods/231872/47/15116/1.jpg | https://cdn2.2ndstreet.jp/img/pc/goods/231872/47/15116/2.jpg | https://cdn2.2ndstreet.jp/img/pc/goods/231872/47/15116/3.jpg | https://cdn2.2ndstreet.jp/img/pc/goods/231872/47/15116/4.jpg | https://cdn2.2ndstreet.jp/img/pc/goods/231872/47/15116/5.jpg
ステンカラーコート/50/ポリエステル/BLK,Acne Studios(Acne),メンズウェア > コート > ハーフコート,メンズウェア,コート,ハーフコート,,50,,,中古C,,,,https://www.2ndstreet.jp/goods/detail/goodsId/2339148557601/shopsId/01823,メンズウェア,5,https://cdn2.2ndstreet.jp/img/pc/goods/233914/85/57601/1.jpg | https://cdn2.2ndstreet.jp/img/pc/goods/233914/85/57601/2.jpg | https://cdn2.2ndstreet.jp/img/pc/goods/233914/85/57601/3.jpg | https://cdn2.2ndstreet.jp/img/pc/goods/233914/85/57601/4.jpg | https://cdn2.2ndstreet.jp/img/pc/goods/233914/85/57601/5.jpg
